Residue,EB,EA,EBA,EUB,EAA,EOPB,EOPD,EID,EIT,ET,EPT,EBT,EAT,ETT,EV,ER,EDSP,EC,ECD,ED,EM,EP,ECT,ERXF,ES,ELF,EG,EX
1,0.0042,0.0138,0.0000,0.0000,0.0000,0.0000,0.0000,0.0000,0.0004,0.1106,0.0000,0.0000,0.0000,0.0000,-0.0661,0.0000,0.0000,3.0749,0.0000,0.0000,0.0000,0.0000,0.0000,0.0000,0.0000,0.0000,0.0000,0.0000
2,0.0212,0.1199,0.0000,0.0000,0.0000,0.0000,0.0000,0.0000,0.0095,0.7260,0.0000,0.0000,0.0000,0.0000,-0.4407,0.0000,0.0000,-1.6024,0.0000,0.0000,0.0000,0.0000,0.0000,0.0000,0.0000,0.0000,0.0000,0.0000
3,0.0949,0.0714,0.0000,0.0000,0.0000,0.0000,0.0000,0.0000,0.0070,0.3739,0.0000,0.0000,0.0000,0.0000,-0.3812,0.0000,0.0000,-3.4978,0.0000,0.0000,0.0000,0.0000,0.0000,0.0000,0.0000,0.0000,0.0000,0.0000
4,0.0287,0.0935,0.0000,0.0000,0.0000,0.0000,0.0000,0.0000,0.0073,0.6026,0.0000,0.0000,0.0000,0.0000,-0.3095,0.0000,0.0000,-6.7574,0.0000,0.0000,0.0000,0.0000,0.0000,0.0000,0.0000,0.0000,0.0000,0.0000
5,0.0252,0.0491,0.0000,0.0000,0.0000,0.0000,0.0000,0.0000,0.0069,0.8243,0.0000,0.0000,0.0000,0.0000,-0.4580,0.0000,0.0000,-0.3962,0.0000,0.0000,0.0000,0.0000,0.0000,0.0000,0.0000,0.0000,0.0000,0.0000
6,0.0387,0.0933,0.0000,0.0000,0.0000,0.0000,0.0000,0.0000,0.0054,0.5606,0.0000,0.0000,0.0000,0.0000,-0.3811,0.0000,0.0000,-0.3917,0.0000,0.0000,0.0000,0.0000,0.0000,0.0000,0.0000,0.0000,0.0000,0.0000
7,0.1035,0.1037,0.0000,0.0000,0.0000,0.0000,0.0000,0.0000,0.0044,0.4120,0.0000,0.0000,0.0000,0.0000,-0.2938,0.0000,0.0000,-4.4979,0.0000,0.0000,0.0000,0.0000,0.0000,0.0000,0.0000,0.0000,0.0000,0.0000
8,0.0264,0.0347,0.0000,0.0000,0.0000,0.0000,0.0000,0.0000,0.0077,0.8633,0.0000,0.0000,0.0000,0.0000,-0.3356,0.0000,0.0000,-1.2777,0.0000,0.0000,0.0000,0.0000,0.0000,0.0000,0.0000,0.0000,0.0000,0.0000
9,0.0162,0.0496,0.0000,0.0000,0.0000,0.0000,0.0000,0.0000,0.0077,0.8895,0.0000,0.0000,0.0000,0.0000,-0.6049,0.0000,0.0000,-0.7112,0.0000,0.0000,0.0000,0.0000,0.0000,0.0000,0.0000,0.0000,0.0000,0.0000
10,0.0350,0.0790,0.0000,0.0000,0.0000,0.0000,0.0000,0.0000,0.0037,0.7824,0.0000,0.0000,0.0000,0.0000,-0.4111,0.0000,0.0000,-2.4231,0.0000,0.0000,0.0000,0.0000,0.0000,0.0000,0.0000,0.0000,0.0000,0.0000
11,0.0110,0.0397,0.0000,0.0000,0.0000,0.0000,0.0000,0.0000,0.0057,0.3865,0.0000,0.0000,0.0000,0.0000,-0.1728,0.0000,0.0000,-0.9516,0.0000,0.0000,0.0000,0.0000,0.0000,0.0000,0.0000,0.0000,0.0000,0.0000
12,0.0319,0.1029,0.0000,0.0000,0.0000,0.0000,0.0000,0.0000,0.0050,0.4299,0.0000,0.0000,0.0000,0.0000,-0.0516,0.0000,0.0000,-1.3628,0.0000,0.0000,0.0000,0.0000,0.0000,0.0000,0.0000,0.0000,0.0000,0.0000
13,0.0140,0.0490,0.0000,0.0000,0.0000,0.0000,0.0000,0.0000,0.0153,0.7075,0.0000,0.0000,0.0000,0.0000,-0.4696,0.0000,0.0000,-1.3398,0.0000,0.0000,0.0000,0.0000,0.0000,0.0000,0.0000,0.0000,0.0000,0.0000
14,0.0173,0.0515,0.0000,0.0000,0.0000,0.0000,0.0000,0.0000,0.0049,0.5619,0.0000,0.0000,0.0000,0.0000,-0.4921,0.0000,0.0000,-1.6206,0.0000,0.0000,0.0000,0.0000,0.0000,0.0000,0.0000,0.0000,0.0000,0.0000
15,0.0479,0.0572,0.0000,0.0000,0.0000,0.0000,0.0000,0.0000,0.0053,0.5579,0.0000,0.0000,0.0000,0.0000,-0.2991,0.0000,0.0000,-0.2047,0.0000,0.0000,0.0000,0.0000,0.0000,0.0000,0.0000,0.0000,0.0000,0.0000
16,0.0969,0.0893,0.0000,0.0000,0.0000,0.0000,0.0000,0.0000,0.0023,0.3834,0.0000,0.0000,0.0000,0.0000,-0.1357,0.0000,0.0000,-4.8076,0.0000,0.0000,0.0000,0.0000,0.0000,0.0000,0.0000,0.0000,0.0000,0.0000
17,0.0416,0.0896,0.0000,0.0000,0.0000,0.0000,0.0000,0.0000,0.0015,0.9556,0.0000,0.0000,0.0000,0.0000,-0.2256,0.0000,0.0000,-4.3713,0.0000,0.0000,0.0000,0.0000,0.0000,0.0000,0.0000,0.0000,0.0000,0.0000
18,0.0546,0.1352,0.0000,0.0000,0.0000,0.0000,0.0000,0.0000,0.0048,0.8161,0.0000,0.0000,0.0000,0.0000,-0.2441,0.0000,0.0000,-4.4696,0.0000,0.0000,0.0000,0.0000,0.0000,0.0000,0.0000,0.0000,0.0000,0.0000
19,0.0269,0.0807,0.0000,0.0000,0.0000,0.0000,0.0000,0.0000,0.0108,0.5650,0.0000,0.0000,0.0000,0.0000,-0.3640,0.0000,0.0000,-0.5882,0.0000,0.0000,0.0000,0.0000,0.0000,0.0000,0.0000,0.0000,0.0000,0.0000
20,0.0258,0.0502,0.0000,0.0000,0.0000,0.0000,0.0000,0.0000,0.0029,0.3928,0.0000,0.0000,0.0000,0.0000,-0.0524,0.0000,0.0000,-0.9524,0.0000,0.0000,0.0000,0.0000,0.0000,0.0000,0.0000,0.0000,0.0000,0.0000
21,0.0404,0.1424,0.0000,0.0000,0.0000,0.0000,0.0000,0.0000,0.0017,0.5153,0.0000,0.0000,0.0000,0.0000,-0.0910,0.0000,0.0000,-0.4656,0.0000,0.0000,0.0000,0.0000,0.0000,0.0000,0.0000,0.0000,0.0000,0.0000
22,0.0276,0.0892,0.0000,0.0000,0.0000,0.0000,0.0000,0.0000,0.0019,0.8120,0.0000,0.0000,0.0000,0.0000,-0.2525,0.0000,0.0000,-0.1384,0.0000,0.0000,0.0000,0.0000,0.0000,0.0000,0.0000,0.0000,0.0000,0.0000
23,0.0943,0.0762,0.0000,0.0000,0.0000,0.0000,0.0000,0.0000,0.0059,0.3500,0.0000,0.0000,0.0000,0.0000,-0.1311,0.0000,0.0000,-2.9149,0.0000,0.0000,0.0000,0.0000,0.0000,0.0000,0.0000,0.0000,0.0000,0.0000
24,0.0251,0.0675,0.0000,0.0000,0.0000,0.0000,0.0000,0.0000,0.0060,0.6202,0.0000,0.0000,0.0000,0.0000,-0.4039,0.0000,0.0000,-2.0986,0.0000,0.0000,0.0000,0.0000,0.0000,0.0000,0.0000,0.0000,0.0000,0.0000
25,0.0286,0.0873,0.0000,0.0000,0.0000,0.0000,0.0000,0.0000,0.0040,0.5513,0.0000,0.0000,0.0000,0.0000,-0.2694,0.0000,0.0000,-2.5417,0.0000,0.0000,0.0000,0.0000,0.0000,0.0000,0.0000,0.0000,0.0000,0.0000
26,0.0271,0.0884,0.0000,0.0000,0.0000,0.0000,0.0000,0.0000,0.0051,0.5109,0.0000,0.0000,0.0000,0.0000,-0.2803,0.0000,0.0000,-2.0380,0.0000,0.0000,0.0000,0.0000,0.0000,0.0000,0.0000,0.0000,0.0000,0.0000
27,0.0336,0.1347,0.0000,0.0000,0.0000,0.0000,0.0000,0.0000,0.0069,0.6258,0.0000,0.0000,0.0000,0.0000,-0.2334,0.0000,0.0000,-2.8838,0.0000,0.0000,0.0000,0.0000,0.0000,0.0000,0.0000,0.0000,0.0000,0.0000
28,0.0319,0.0701,0.0000,0.0000,0.0000,0.0000,0.0000,0.0000,0.0098,0.8931,0.0000,0.0000,0.0000,0.0000,-0.3955,0.0000,0.0000,-4.6469,0.0000,0.0000,0.0000,0.0000,0.0000,0.0000,0.0000,0.0000,0.0000,0.0000
29,0.0366,0.0652,0.0000,0.0000,0.0000,0.0000,0.0000,0.0000,0.0041,0.5235,0.0000,0.0000,0.0000,0.0000,-0.4537,0.0000,0.0000,-0.6778,0.0000,0.0000,0.0000,0.0000,0.0000,0.0000,0.0000,0.0000,0.0000,0.0000
30,0.0214,0.0600,0.0000,0.0000,0.0000,0.0000,0.0000,0.0000,0.0091,0.9123,0.0000,0.0000,0.0000,0.0000,-0.6582,0.0000,0.0000,-1.0650,0.0000,0.0000,0.0000,0.0000,0.0000,0.0000,0.0000,0.0000,0.0000,0.0000
31,0.0267,0.0916,0.0000,0.0000,0.0000,0.0000,0.0000,0.0000,0.0062,0.5598,0.0000,0.0000,0.0000,0.0000,-0.2602,0.0000,0.0000,-1.7191,0.0000,0.0000,0.0000,0.0000,0.0000,0.0000,0.0000,0.0000,0.0000,0.0000
32,0.0981,0.1004,0.0000,0.0000,0.0000,0.0000,0.0000,0.0000,0.0095,0.3719,0.0000,0.0000,0.0000,0.0000,-0.2741,0.0000,0.0000,-5.6775,0.0000,0.0000,0.0000,0.0000,0.0000,0.0000,0.0000,0.0000,0.0000,0.0000
33,0.0491,0.1035,0.0000,0.0000,0.0000,0.0000,0.0000,0.0000,0.0071,0.6520,0.0000,0.0000,0.0000,0.0000,-0.4974,0.0000,0.0000,-1.4798,0.0000,0.0000,0.0000,0.0000,0.0000,0.0000,0.0000,0.0000,0.0000,0.0000
34,0.0330,0.1043,0.0000,0.0000,0.0000,0.0000,0.0000,0.0000,0.0084,0.5466,0.0000,0.0000,0.0000,0.0000,-0.2337,0.0000,0.0000,-7.8348,0.0000,0.0000,0.0000,0.0000,0.0000,0.0000,0.0000,0.0000,0.0000,0.0000
35,0.0475,0.3264,0.0000,0.0000,0.0000,0.0000,0.0000,0.0000,0.0009,0.4139,0.0000,0.0000,0.0000,0.0000,-0.1478,0.0000,0.0000,-3.9864,0.0000,0.0000,0.0000,0.0000,0.0000,0.0000,0.0000,0.0000,0.0000,0.0000
36,0.0414,0.1266,0.0000,0.0000,0.0000,0.0000,0.0000,0.0000,0.0023,0.4328,0.0000,0.0000,0.0000,0.0000,-0.2764,0.0000,0.0000,-1.1279,0.0000,0.0000,0.0000,0.0000,0.0000,0.0000,0.0000,0.0000,0.0000,0.0000
37,0.0602,0.0925,0.0000,0.0000,0.0000,0.0000,0.0000,0.0000,0.0115,0.7491,0.0000,0.0000,0.0000,0.0000,-0.2073,0.0000,0.0000,-0.8513,0.0000,0.0000,0.0000,0.0000,0.0000,0.0000,0.0000,0.0000,0.0000,0.0000
38,0.0196,0.2851,0.0000,0.0000,0.0000,0.0000,0.0000,0.0000,0.0111,1.1348,0.0000,0.0000,0.0000,0.0000,-0.3912,0.0000,0.0000,-0.7268,0.0000,0.0000,0.0000,0.0000,0.0000,0.0000,0.0000,0.0000,0.0000,0.0000
39,0.0257,0.0718,0.0000,0.0000,0.0000,0.0000,0.0000,0.0000,0.0097,0.7254,0.0000,0.0000,0.0000,0.0000,-0.2395,0.0000,0.0000,-1.5211,0.0000,0.0000,0.0000,0.0000,0.0000,0.0000,0.0000,0.0000,0.0000,0.0000
40,0.0323,0.0790,0.0000,0.0000,0.0000,0.0000,0.0000,0.0000,0.0097,0.6772,0.0000,0.0000,0.0000,0.0000,-0.4676,0.0000,0.0000,-3.0941,0.0000,0.0000,0.0000,0.0000,0.0000,0.0000,0.0000,0.0000,0.0000,0.0000
41,0.0238,0.0531,0.0000,0.0000,0.0000,0.0000,0.0000,0.0000,0.0100,0.5845,0.0000,0.0000,0.0000,0.0000,-0.4321,0.0000,0.0000,-1.6577,0.0000,0.0000,0.0000,0.0000,0.0000,0.0000,0.0000,0.0000,0.0000,0.0000
42,0.0270,0.0824,0.0000,0.0000,0.0000,0.0000,0.0000,0.0000,0.0047,0.5462,0.0000,0.0000,0.0000,0.0000,-0.1987,0.0000,0.0000,-1.0928,0.0000,0.0000,0.0000,0.0000,0.0000,0.0000,0.0000,0.0000,0.0000,0.0000
43,0.0996,0.1090,0.0000,0.0000,0.0000,0.0000,0.0000,0.0000,0.0031,0.4085,0.0000,0.0000,0.0000,0.0000,-0.2939,0.0000,0.0000,-3.4329,0.0000,0.0000,0.0000,0.0000,0.0000,0.0000,0.0000,0.0000,0.0000,0.0000
44,0.0328,0.0724,0.0000,0.0000,0.0000,0.0000,0.0000,0.0000,0.0047,0.3491,0.0000,0.0000,0.0000,0.0000,-0.3331,0.0000,0.0000,-1.3779,0.0000,0.0000,0.0000,0.0000,0.0000,0.0000,0.0000,0.0000,0.0000,0.0000
45,0.0923,0.0660,0.0000,0.0000,0.0000,0.0000,0.0000,0.0000,0.0055,0.4061,0.0000,0.0000,0.0000,0.0000,-0.2383,0.0000,0.0000,-2.3719,0.0000,0.0000,0.0000,0.0000,0.0000,0.0000,0.0000,0.0000,0.0000,0.0000
46,0.0380,0.0462,0.0000,0.0000,0.0000,0.0000,0.0000,0.0000,0.0031,0.4314,0.0000,0.0000,0.0000,0.0000,-0.1488,0.0000,0.0000,0.4242,0.0000,0.0000,0.0000,0.0000,0.0000,0.0000,0.0000,0.0000,0.0000,0.0000
47,0.0260,0.3317,0.0000,0.0000,0.0000,0.0000,0.0000,0.0000,0.0031,0.7649,0.0000,0.0000,0.0000,0.0000,-0.1549,0.0000,0.0000,-1.8679,0.0000,0.0000,0.0000,0.0000,0.0000,0.0000,0.0000,0.0000,0.0000,0.0000
48,0.0304,0.0784,0.0000,0.0000,0.0000,0.0000,0.0000,0.0000,0.0042,0.4306,0.0000,0.0000,0.0000,0.0000,-0.2392,0.0000,0.0000,3.8273,0.0000,0.0000,0.0000,0.0000,0.0000,0.0000,0.0000,0.0000,0.0000,0.0000
49,0.0224,0.0823,0.0000,0.0000,0.0000,0.0000,0.0000,0.0000,0.0038,0.4118,0.0000,0.0000,0.0000,0.0000,-0.2819,0.0000,0.0000,3.9915,0.0000,0.0000,0.0000,0.0000,0.0000,0.0000,0.0000,0.0000,0.0000,0.0000
50,0.0309,0.0716,0.0000,0.0000,0.0000,0.0000,0.0000,0.0000,0.0084,0.6942,0.0000,0.0000,0.0000,0.0000,-0.3555,0.0000,0.0000,-2.4728,0.0000,0.0000,0.0000,0.0000,0.0000,0.0000,0.0000,0.0000,0.0000,0.0000
51,0.0947,0.0909,0.0000,0.0000,0.0000,0.0000,0.0000,0.0000,0.0056,0.4212,0.0000,0.0000,0.0000,0.0000,-0.2657,0.0000,0.0000,-2.9822,0.0000,0.0000,0.0000,0.0000,0.0000,0.0000,0.0000,0.0000,0.0000,0.0000
